simulator,sequence,window_index,window_start_s,events_per_second_window
vivid,dark_aggresive,0,0.0,16146.0
vivid,dark_aggresive,1,1.0,128215.0
vivid,dark_aggresive,2,2.0,77419.0
vivid,dark_aggresive,3,3.0,190332.0
vivid,dark_aggresive,4,4.0,94845.0
vivid,dark_aggresive,5,5.0,166049.0
vivid,dark_aggresive,6,6.0,140421.0
vivid,dark_aggresive,7,7.0,127198.0
vivid,dark_aggresive,8,8.0,180721.0
vivid,dark_aggresive,9,9.0,212564.0
vivid,dark_aggresive,10,10.0,199041.0
vivid,dark_aggresive,11,11.0,130178.0
vivid,dark_aggresive,12,12.0,156821.0
vivid,dark_aggresive,13,13.0,129028.0
vivid,dark_aggresive,14,14.0,39228.0
vivid,dark_aggresive,15,15.0,27864.0
vivid,dark_aggresive,16,16.0,24940.0
vivid,dark_robust,0,0.0,2977.0
vivid,dark_robust,1,1.0,2551.0
vivid,dark_robust,2,2.0,3800.0
vivid,dark_robust,3,3.0,16007.0
vivid,dark_robust,4,4.0,62712.0
vivid,dark_robust,5,5.0,68113.0
vivid,dark_robust,6,6.0,60110.0
vivid,dark_robust,7,7.0,51526.0
vivid,dark_robust,8,8.0,33826.0
vivid,dark_robust,9,9.0,11320.0
vivid,dark_robust,10,10.0,5468.0
vivid,dark_robust,11,11.0,4216.0
vivid,dark_robust,12,12.0,7208.0
vivid,dark_robust,13,13.0,12516.0
vivid,dark_robust,14,14.0,87047.0
vivid,dark_robust,15,15.0,34975.0
vivid,dark_robust,16,16.0,48462.0
vivid,dark_robust,17,17.0,30833.0
vivid,dark_robust,18,18.0,31597.0
vivid,dark_robust,19,19.0,55888.0
vivid,dark_robust,20,20.0,78516.0
vivid,dark_robust,21,21.0,13388.0
vivid,dark_robust,22,22.0,8258.0
vivid,dark_robust,23,23.0,3155.0
vivid,dark_robust,24,24.0,2633.0
vivid,dark_robust,25,25.0,2824.0
vivid,dark_robust,26,26.0,7442.0
vivid,dark_robust,27,27.0,7245.0
vivid,dark_robust,28,28.0,26486.0
vivid,dark_robust,29,29.0,35409.0
vivid,dark_robust,30,30.0,83679.0
vivid,dark_robust,31,31.0,46878.0
vivid,dark_robust,32,32.0,7612.0
vivid,dark_robust,33,33.0,3879.0
vivid,dark_robust,34,34.0,4729.0
vivid,dark_unstable,0,0.0,7636.0
vivid,dark_unstable,1,1.0,56054.0
vivid,dark_unstable,2,2.0,59205.0
vivid,dark_unstable,3,3.0,134694.0
vivid,dark_unstable,4,4.0,93022.0
vivid,dark_unstable,5,5.0,55994.0
vivid,dark_unstable,6,6.0,81104.0
vivid,dark_unstable,7,7.0,76586.0
vivid,dark_unstable,8,8.0,87695.0
vivid,dark_unstable,9,9.0,106186.0
vivid,dark_unstable,10,10.0,135715.0
vivid,dark_unstable,11,11.0,84975.0
vivid,dark_unstable,12,12.0,66125.0
vivid,dark_unstable,13,13.0,94368.0
vivid,dark_unstable,14,14.0,50765.0
vivid,dark_unstable,15,15.0,132555.0
vivid,dark_unstable,16,16.0,26700.0
vivid,dark_unstable,17,17.0,4246.0
vivid,dark_unstable,18,18.0,2928.0
vivid,dark_unstable,19,19.0,3323.0
vivid,dark_unstable,20,20.0,1329.0
vivid,global_aggresive,0,0.0,163219.0
vivid,global_aggresive,1,1.0,603031.0
vivid,global_aggresive,2,2.0,898261.0
vivid,global_aggresive,3,3.0,853843.0
vivid,global_aggresive,4,4.0,886531.0
vivid,global_aggresive,5,5.0,1044332.0
vivid,global_aggresive,6,6.0,801706.0
vivid,global_aggresive,7,7.0,1372249.0
vivid,global_aggresive,8,8.0,1139683.0
vivid,global_aggresive,9,9.0,733724.0
vivid,global_aggresive,10,10.0,522664.0
vivid,global_aggresive,11,11.0,928485.0
vivid,global_aggresive,12,12.0,830283.0
vivid,global_aggresive,13,13.0,488956.0
vivid,global_aggresive,14,14.0,119601.0
vivid,global_aggresive,15,15.0,85773.0
vivid,global_aggresive,16,16.0,62332.0
vivid,global_robust-007,0,0.0,19993.0
vivid,global_robust-007,1,1.0,25095.0
vivid,global_robust-007,2,2.0,20852.0
vivid,global_robust-007,3,3.0,12647.0
vivid,global_robust-007,4,4.0,76930.0
vivid,global_robust-007,5,5.0,162568.0
vivid,global_robust-007,6,6.0,95637.0
vivid,global_robust-007,7,7.0,146779.0
vivid,global_robust-007,8,8.0,100460.0
vivid,global_robust-007,9,9.0,94268.0
vivid,global_robust-007,10,10.0,95433.0
vivid,global_robust-007,11,11.0,195540.0
vivid,global_robust-007,12,12.0,259864.0
vivid,global_robust-007,13,13.0,325273.0
vivid,global_robust-007,14,14.0,453211.0
vivid,global_robust-007,15,15.0,256520.0
vivid,global_robust-007,16,16.0,131273.0
vivid,global_robust-007,17,17.0,231933.0
vivid,global_robust-007,18,18.0,177090.0
vivid,global_robust-007,19,19.0,138648.0
vivid,global_robust-007,20,20.0,185824.0
vivid,global_robust-007,21,21.0,195338.0
vivid,global_robust-007,22,22.0,176648.0
vivid,global_robust-007,23,23.0,128980.0
vivid,global_robust-007,24,24.0,147625.0
vivid,global_robust-007,25,25.0,153958.0
vivid,global_robust-007,26,26.0,149063.0
vivid,global_robust-007,27,27.0,356077.0
vivid,global_robust-007,28,28.0,323274.0
vivid,global_robust-007,29,29.0,177483.0
vivid,global_robust-007,30,30.0,174589.0
vivid,global_robust-007,31,31.0,207792.0
vivid,global_robust-007,32,32.0,323677.0
vivid,global_robust-007,33,33.0,418021.0
vivid,global_robust-007,34,34.0,316838.0
vivid,global_robust-007,35,35.0,217108.0
vivid,global_robust-007,36,36.0,135181.0
vivid,global_robust-007,37,37.0,83389.0
vivid,global_robust-007,38,38.0,103528.0
vivid,global_robust-007,39,39.0,113387.0
vivid,global_robust-007,40,40.0,88851.0
vivid,global_robust-007,41,41.0,140501.0
vivid,global_robust-007,42,42.0,232348.0
vivid,global_robust-007,43,43.0,279322.0
vivid,global_robust-007,44,44.0,380088.0
vivid,global_robust-007,45,45.0,274546.0
vivid,global_robust-007,46,46.0,267668.0
vivid,global_robust-007,47,47.0,191117.0
vivid,global_robust-007,48,48.0,187447.0
vivid,global_robust-007,49,49.0,96237.0
vivid,global_robust-007,50,50.0,33980.0
vivid,global_robust-007,51,51.0,47209.0
vivid,global_robust-007,52,52.0,55002.0
vivid,global_unstable,0,0.0,15553.0
vivid,global_unstable,1,1.0,21172.0
vivid,global_unstable,2,2.0,71384.0
vivid,global_unstable,3,3.0,279307.0
vivid,global_unstable,4,4.0,573937.0
vivid,global_unstable,5,5.0,771831.0
vivid,global_unstable,6,6.0,326568.0
vivid,global_unstable,7,7.0,353821.0
vivid,global_unstable,8,8.0,545058.0
vivid,global_unstable,9,9.0,367996.0
vivid,global_unstable,10,10.0,707194.0
vivid,global_unstable,11,11.0,799910.0
vivid,global_unstable,12,12.0,239425.0
vivid,global_unstable,13,13.0,917938.0
vivid,global_unstable,14,14.0,846192.0
vivid,global_unstable,15,15.0,906623.0
vivid,global_unstable,16,16.0,667623.0
vivid,global_unstable,17,17.0,921934.0
vivid,global_unstable,18,18.0,607229.0
vivid,global_unstable,19,19.0,600867.0
vivid,global_unstable,20,20.0,958921.0
vivid,global_unstable,21,21.0,480146.0
vivid,global_unstable,22,22.0,75545.0
vivid,global_unstable,23,23.0,102178.0
vivid,local_aggressive,0,0.0,34029.0
vivid,local_aggressive,1,1.0,114096.0
vivid,local_aggressive,2,2.0,141893.0
vivid,local_aggressive,3,3.0,236005.0
vivid,local_aggressive,4,4.0,234232.0
vivid,local_aggressive,5,5.0,201520.0
vivid,local_aggressive,6,6.0,141736.0
vivid,local_aggressive,7,7.0,45868.0
vivid,local_aggressive,8,8.0,75880.0
vivid,local_aggressive,9,9.0,32929.0
vivid,local_aggressive,10,10.0,10538.0
vivid,local_aggressive,11,11.0,7427.0
vivid,local_aggressive,12,12.0,1972.0
vivid,local_aggressive,13,13.0,1379.0
vivid,local_robust,0,0.0,1221.0
vivid,local_robust,1,1.0,1342.0
vivid,local_robust,2,2.0,2728.0
vivid,local_robust,3,3.0,22286.0
vivid,local_robust,4,4.0,36657.0
vivid,local_robust,5,5.0,44423.0
vivid,local_robust,6,6.0,45814.0
vivid,local_robust,7,7.0,42357.0
vivid,local_robust,8,8.0,83045.0
vivid,local_robust,9,9.0,134031.0
vivid,local_robust,10,10.0,97347.0
vivid,local_robust,11,11.0,32683.0
vivid,local_robust,12,12.0,18473.0
vivid,local_robust,13,13.0,18107.0
vivid,local_robust,14,14.0,15584.0
vivid,local_robust,15,15.0,17733.0
vivid,local_robust,16,16.0,33765.0
vivid,local_robust,17,17.0,44261.0
vivid,local_robust,18,18.0,24022.0
vivid,local_robust,19,19.0,27148.0
vivid,local_robust,20,20.0,61538.0
vivid,local_robust,21,21.0,44875.0
vivid,local_robust,22,22.0,16925.0
vivid,local_robust,23,23.0,24755.0
vivid,local_robust,24,24.0,45058.0
vivid,local_robust,25,25.0,24580.0
vivid,local_robust,26,26.0,17972.0
vivid,local_robust,27,27.0,23406.0
vivid,local_robust,28,28.0,35432.0
vivid,local_robust,29,29.0,35303.0
vivid,local_robust,30,30.0,24792.0
vivid,local_robust,31,31.0,6288.0
vivid,local_robust,32,32.0,2914.0
vivid,local_robust,33,33.0,1428.0
vivid,local_robust,34,34.0,923.0
vivid,local_unstable,0,0.0,7417.0
vivid,local_unstable,1,1.0,61355.0
vivid,local_unstable,2,2.0,183426.0
vivid,local_unstable,3,3.0,76499.0
vivid,local_unstable,4,4.0,52597.0
vivid,local_unstable,5,5.0,100499.0
vivid,local_unstable,6,6.0,41192.0
vivid,local_unstable,7,7.0,96169.0
vivid,local_unstable,8,8.0,96777.0
vivid,local_unstable,9,9.0,74560.0
vivid,local_unstable,10,10.0,43112.0
vivid,local_unstable,11,11.0,17867.0
vivid,local_unstable,12,12.0,46621.0
vivid,local_unstable,13,13.0,43792.0
vivid,local_unstable,14,14.0,21460.0
vivid,local_unstable,15,15.0,20862.0
vivid,local_unstable,16,16.0,20610.0
vivid,local_unstable,17,17.0,594.0
vivid,varying_robust-008,0,0.0,104407.0
vivid,varying_robust-008,1,1.0,226684.0
vivid,varying_robust-008,2,2.0,229592.0
vivid,varying_robust-008,3,3.0,103802.0
vivid,varying_robust-008,4,4.0,228158.0
vivid,varying_robust-008,5,5.0,138151.0
vivid,varying_robust-008,6,6.0,242092.0
vivid,varying_robust-008,7,7.0,154850.0
vivid,varying_robust-008,8,8.0,60489.0
vivid,varying_robust-008,9,9.0,275580.0
vivid,varying_robust-008,10,10.0,191772.0
vivid,varying_robust-008,11,11.0,104573.0
vivid,varying_robust-008,12,12.0,250156.0
vivid,varying_robust-008,13,13.0,173547.0
vivid,varying_robust-008,14,14.0,97837.0
vivid,varying_robust-008,15,15.0,329482.0
vivid,varying_robust-008,16,16.0,193692.0
vivid,varying_robust-008,17,17.0,111502.0
vivid,varying_robust-008,18,18.0,364393.0
vivid,varying_robust-008,19,19.0,176814.0
vivid,varying_robust-008,20,20.0,82994.0
vivid,varying_robust-008,21,21.0,434785.0
vivid,varying_robust-008,22,22.0,154615.0
vivid,varying_robust-008,23,23.0,155925.0
vivid,varying_robust-008,24,24.0,547532.0
vivid,varying_robust-008,25,25.0,80837.0
vivid,varying_robust-008,26,26.0,88705.0
vivid,varying_robust-008,27,27.0,355573.0
vivid,varying_robust-008,28,28.0,83165.0
vivid,varying_robust-008,29,29.0,407242.0
vivid,varying_robust-008,30,30.0,71748.0
vivid,varying_robust-008,31,31.0,186470.0
vivid,varying_robust-008,32,32.0,58905.0
vivid,varying_robust-008,33,33.0,34676.0
vivid,varying_robust-008,34,34.0,32952.0
vivid,varying_robust-008,35,35.0,26470.0
dvs_voltmeter,dark_aggresive,0,0.0,2990.0
dvs_voltmeter,dark_aggresive,1,1.0,249508.0
dvs_voltmeter,dark_aggresive,2,2.0,122111.0
dvs_voltmeter,dark_aggresive,3,3.0,244364.0
dvs_voltmeter,dark_aggresive,4,4.0,137440.0
dvs_voltmeter,dark_aggresive,5,5.0,125819.0
dvs_voltmeter,dark_aggresive,6,6.0,34300.0
dvs_voltmeter,dark_aggresive,7,7.0,56607.0
dvs_voltmeter,dark_aggresive,8,8.0,119412.0
dvs_voltmeter,dark_aggresive,9,9.0,263537.0
dvs_voltmeter,dark_aggresive,10,10.0,154870.0
dvs_voltmeter,dark_aggresive,11,11.0,126668.0
dvs_voltmeter,dark_aggresive,12,12.0,220194.0
dvs_voltmeter,dark_aggresive,13,13.0,128456.0
dvs_voltmeter,dark_aggresive,14,14.0,34707.0
dvs_voltmeter,dark_aggresive,15,15.0,7205.0
dvs_voltmeter,dark_aggresive,16,16.0,5994.0
dvs_voltmeter,dark_robust,0,0.0,673.0
dvs_voltmeter,dark_robust,1,1.0,1569.0
dvs_voltmeter,dark_robust,2,2.0,3568.0
dvs_voltmeter,dark_robust,3,3.0,9219.0
dvs_voltmeter,dark_robust,4,4.0,83680.0
dvs_voltmeter,dark_robust,5,5.0,79138.0
dvs_voltmeter,dark_robust,6,6.0,78646.0
dvs_voltmeter,dark_robust,7,7.0,80345.0
dvs_voltmeter,dark_robust,8,8.0,59142.0
dvs_voltmeter,dark_robust,9,9.0,66163.0
dvs_voltmeter,dark_robust,10,10.0,15114.0
dvs_voltmeter,dark_robust,11,11.0,6515.0
dvs_voltmeter,dark_robust,12,12.0,555.0
dvs_voltmeter,dark_robust,13,13.0,11508.0
dvs_voltmeter,dark_robust,14,14.0,49164.0
dvs_voltmeter,dark_robust,15,15.0,25333.0
dvs_voltmeter,dark_robust,16,16.0,28797.0
dvs_voltmeter,dark_robust,17,17.0,23893.0
dvs_voltmeter,dark_robust,18,18.0,27964.0
dvs_voltmeter,dark_robust,19,19.0,138405.0
dvs_voltmeter,dark_robust,20,20.0,142903.0
dvs_voltmeter,dark_robust,21,21.0,25820.0
dvs_voltmeter,dark_robust,22,22.0,5388.0
dvs_voltmeter,dark_robust,23,23.0,2374.0
dvs_voltmeter,dark_robust,24,24.0,2596.0
dvs_voltmeter,dark_robust,25,25.0,2128.0
dvs_voltmeter,dark_robust,26,26.0,2067.0
dvs_voltmeter,dark_robust,27,27.0,5985.0
dvs_voltmeter,dark_robust,28,28.0,40822.0
dvs_voltmeter,dark_robust,29,29.0,86742.0
dvs_voltmeter,dark_robust,30,30.0,84287.0
dvs_voltmeter,dark_robust,31,31.0,56637.0
dvs_voltmeter,dark_robust,32,32.0,3718.0
dvs_voltmeter,dark_robust,33,33.0,2649.0
dvs_voltmeter,dark_robust,34,34.0,2667.0
dvs_voltmeter,dark_unstable,0,0.0,3237.0
dvs_voltmeter,dark_unstable,1,1.0,41958.0
dvs_voltmeter,dark_unstable,2,2.0,85534.0
dvs_voltmeter,dark_unstable,3,3.0,236094.0
dvs_voltmeter,dark_unstable,4,4.0,61581.0
dvs_voltmeter,dark_unstable,5,5.0,25879.0
dvs_voltmeter,dark_unstable,6,6.0,47157.0
dvs_voltmeter,dark_unstable,7,7.0,61459.0
dvs_voltmeter,dark_unstable,8,8.0,95998.0
dvs_voltmeter,dark_unstable,9,9.0,150238.0
dvs_voltmeter,dark_unstable,10,10.0,74900.0
dvs_voltmeter,dark_unstable,11,11.0,85810.0
dvs_voltmeter,dark_unstable,12,12.0,9823.0
dvs_voltmeter,dark_unstable,13,13.0,11559.0
dvs_voltmeter,dark_unstable,14,14.0,47633.0
dvs_voltmeter,dark_unstable,15,15.0,184139.0
dvs_voltmeter,dark_unstable,16,16.0,34190.0
dvs_voltmeter,dark_unstable,17,17.0,2540.0
dvs_voltmeter,dark_unstable,18,18.0,2274.0
dvs_voltmeter,dark_unstable,19,19.0,33173.0
dvs_voltmeter,dark_unstable,20,20.0,3954.0
dvs_voltmeter,global_aggresive,0,0.0,877990.0
dvs_voltmeter,global_aggresive,1,1.0,2187236.0
dvs_voltmeter,global_aggresive,2,2.0,2627888.0
dvs_voltmeter,global_aggresive,3,3.0,2343315.0
dvs_voltmeter,global_aggresive,4,4.0,2625679.0
dvs_voltmeter,global_aggresive,5,5.0,2196216.0
dvs_voltmeter,global_aggresive,6,6.0,1913051.0
dvs_voltmeter,global_aggresive,7,7.0,3267335.0
dvs_voltmeter,global_aggresive,8,8.0,1889653.0
dvs_voltmeter,global_aggresive,9,9.0,1739240.0
dvs_voltmeter,global_aggresive,10,10.0,1575634.0
dvs_voltmeter,global_aggresive,11,11.0,2243864.0
dvs_voltmeter,global_aggresive,12,12.0,2405583.0
dvs_voltmeter,global_aggresive,13,13.0,1350110.0
dvs_voltmeter,global_aggresive,14,14.0,585301.0
dvs_voltmeter,global_aggresive,15,15.0,359738.0
dvs_voltmeter,global_aggresive,16,16.0,229899.0
dvs_voltmeter,global_robust-007,0,0.0,1564302.0
dvs_voltmeter,global_robust-007,1,1.0,262257.0
dvs_voltmeter,global_robust-007,2,2.0,174815.0
dvs_voltmeter,global_robust-007,3,3.0,310133.0
dvs_voltmeter,global_robust-007,4,4.0,1175134.0
dvs_voltmeter,global_robust-007,5,5.0,679743.0
dvs_voltmeter,global_robust-007,6,6.0,1131291.0
dvs_voltmeter,global_robust-007,7,7.0,609910.0
dvs_voltmeter,global_robust-007,8,8.0,670899.0
dvs_voltmeter,global_robust-007,9,9.0,580674.0
dvs_voltmeter,global_robust-007,10,10.0,1032222.0
dvs_voltmeter,global_robust-007,11,11.0,1103569.0
dvs_voltmeter,global_robust-007,12,12.0,1082425.0
dvs_voltmeter,global_robust-007,13,13.0,1275479.0
dvs_voltmeter,global_robust-007,14,14.0,1155160.0
dvs_voltmeter,global_robust-007,15,15.0,606598.0
dvs_voltmeter,global_robust-007,16,16.0,793355.0
dvs_voltmeter,global_robust-007,17,17.0,769390.0
dvs_voltmeter,global_robust-007,18,18.0,580319.0
dvs_voltmeter,global_robust-007,19,19.0,774381.0
dvs_voltmeter,global_robust-007,20,20.0,800146.0
dvs_voltmeter,global_robust-007,21,21.0,726837.0
dvs_voltmeter,global_robust-007,22,22.0,488010.0
dvs_voltmeter,global_robust-007,23,23.0,579663.0
dvs_voltmeter,global_robust-007,24,24.0,610354.0
dvs_voltmeter,global_robust-007,25,25.0,513094.0
dvs_voltmeter,global_robust-007,26,26.0,872791.0
dvs_voltmeter,global_robust-007,27,27.0,991759.0
dvs_voltmeter,global_robust-007,28,28.0,412880.0
dvs_voltmeter,global_robust-007,29,29.0,316453.0
dvs_voltmeter,global_robust-007,30,30.0,373319.0
dvs_voltmeter,global_robust-007,31,31.0,712401.0
dvs_voltmeter,global_robust-007,32,32.0,1205163.0
dvs_voltmeter,global_robust-007,33,33.0,1074077.0
dvs_voltmeter,global_robust-007,34,34.0,832293.0
dvs_voltmeter,global_robust-007,35,35.0,665708.0
dvs_voltmeter,global_robust-007,36,36.0,436787.0
dvs_voltmeter,global_robust-007,37,37.0,459452.0
dvs_voltmeter,global_robust-007,38,38.0,542804.0
dvs_voltmeter,global_robust-007,39,39.0,411927.0
dvs_voltmeter,global_robust-007,40,40.0,571466.0
dvs_voltmeter,global_robust-007,41,41.0,925113.0
dvs_voltmeter,global_robust-007,42,42.0,816964.0
dvs_voltmeter,global_robust-007,43,43.0,1304763.0
dvs_voltmeter,global_robust-007,44,44.0,1146330.0
dvs_voltmeter,global_robust-007,45,45.0,1227893.0
dvs_voltmeter,global_robust-007,46,46.0,1005144.0
dvs_voltmeter,global_robust-007,47,47.0,999721.0
dvs_voltmeter,global_robust-007,48,48.0,888941.0
dvs_voltmeter,global_robust-007,49,49.0,426747.0
dvs_voltmeter,global_robust-007,50,50.0,354672.0
dvs_voltmeter,global_robust-007,51,51.0,572109.0
dvs_voltmeter,global_unstable,0,0.0,132887.0
dvs_voltmeter,global_unstable,1,1.0,205878.0
dvs_voltmeter,global_unstable,2,2.0,520912.0
dvs_voltmeter,global_unstable,3,3.0,1392417.0
dvs_voltmeter,global_unstable,4,4.0,1787424.0
dvs_voltmeter,global_unstable,5,5.0,1729775.0
dvs_voltmeter,global_unstable,6,6.0,943202.0
dvs_voltmeter,global_unstable,7,7.0,1019555.0
dvs_voltmeter,global_unstable,8,8.0,1353118.0
dvs_voltmeter,global_unstable,9,9.0,953541.0
dvs_voltmeter,global_unstable,10,10.0,1829013.0
dvs_voltmeter,global_unstable,11,11.0,2001559.0
dvs_voltmeter,global_unstable,12,12.0,1246826.0
dvs_voltmeter,global_unstable,13,13.0,1962516.0
dvs_voltmeter,global_unstable,14,14.0,2079104.0
dvs_voltmeter,global_unstable,15,15.0,2105703.0
dvs_voltmeter,global_unstable,16,16.0,1658861.0
dvs_voltmeter,global_unstable,17,17.0,1483306.0
dvs_voltmeter,global_unstable,18,18.0,1679474.0
dvs_voltmeter,global_unstable,19,19.0,1888443.0
dvs_voltmeter,global_unstable,20,20.0,2338342.0
dvs_voltmeter,global_unstable,21,21.0,1936499.0
dvs_voltmeter,global_unstable,22,22.0,652185.0
dvs_voltmeter,global_unstable,23,23.0,670550.0
dvs_voltmeter,local_aggressive,0,0.0,2651160.0
dvs_voltmeter,local_aggressive,1,1.0,3037289.0
dvs_voltmeter,local_aggressive,2,2.0,3153239.0
dvs_voltmeter,local_aggressive,3,3.0,2870758.0
dvs_voltmeter,local_aggressive,4,4.0,3021343.0
dvs_voltmeter,local_aggressive,5,5.0,2439433.0
dvs_voltmeter,local_aggressive,6,6.0,3347856.0
dvs_voltmeter,local_aggressive,7,7.0,2659107.0
dvs_voltmeter,local_aggressive,8,8.0,2510288.0
dvs_voltmeter,local_aggressive,9,9.0,1376982.0
dvs_voltmeter,local_aggressive,10,10.0,851375.0
dvs_voltmeter,local_aggressive,11,11.0,483264.0
dvs_voltmeter,local_aggressive,12,12.0,396130.0
dvs_voltmeter,local_aggressive,13,13.0,178187.0
dvs_voltmeter,local_robust,0,0.0,242215.0
dvs_voltmeter,local_robust,1,1.0,285159.0
dvs_voltmeter,local_robust,2,2.0,459434.0
dvs_voltmeter,local_robust,3,3.0,1040141.0
dvs_voltmeter,local_robust,4,4.0,947650.0
dvs_voltmeter,local_robust,5,5.0,1139471.0
dvs_voltmeter,local_robust,6,6.0,1195069.0
dvs_voltmeter,local_robust,7,7.0,739440.0
dvs_voltmeter,local_robust,8,8.0,1618706.0
dvs_voltmeter,local_robust,9,9.0,1923023.0
dvs_voltmeter,local_robust,10,10.0,1545061.0
dvs_voltmeter,local_robust,11,11.0,1206292.0
dvs_voltmeter,local_robust,12,12.0,1162293.0
dvs_voltmeter,local_robust,13,13.0,929366.0
dvs_voltmeter,local_robust,14,14.0,601175.0
dvs_voltmeter,local_robust,15,15.0,631379.0
dvs_voltmeter,local_robust,16,16.0,1173486.0
dvs_voltmeter,local_robust,17,17.0,1174348.0
dvs_voltmeter,local_robust,18,18.0,435158.0
dvs_voltmeter,local_robust,19,19.0,463997.0
dvs_voltmeter,local_robust,20,20.0,1152499.0
dvs_voltmeter,local_robust,21,21.0,1323676.0
dvs_voltmeter,local_robust,22,22.0,1152293.0
dvs_voltmeter,local_robust,23,23.0,1363282.0
dvs_voltmeter,local_robust,24,24.0,1315919.0
dvs_voltmeter,local_robust,25,25.0,678663.0
dvs_voltmeter,local_robust,26,26.0,629525.0
dvs_voltmeter,local_robust,27,27.0,1230936.0
dvs_voltmeter,local_robust,28,28.0,1433069.0
dvs_voltmeter,local_robust,29,29.0,1153485.0
dvs_voltmeter,local_robust,30,30.0,1330211.0
dvs_voltmeter,local_robust,31,31.0,649254.0
dvs_voltmeter,local_robust,32,32.0,342052.0
dvs_voltmeter,local_robust,33,33.0,209036.0
dvs_voltmeter,local_robust,34,34.0,163428.0
dvs_voltmeter,local_unstable,0,0.0,1062518.0
dvs_voltmeter,local_unstable,1,1.0,2035767.0
dvs_voltmeter,local_unstable,2,2.0,2503395.0
dvs_voltmeter,local_unstable,3,3.0,2037180.0
dvs_voltmeter,local_unstable,4,4.0,1671109.0
dvs_voltmeter,local_unstable,5,5.0,1697971.0
dvs_voltmeter,local_unstable,6,6.0,1889184.0
dvs_voltmeter,local_unstable,7,7.0,1409477.0
dvs_voltmeter,local_unstable,8,8.0,2474774.0
dvs_voltmeter,local_unstable,9,9.0,2265842.0
dvs_voltmeter,local_unstable,10,10.0,1898451.0
dvs_voltmeter,local_unstable,11,11.0,1522339.0
dvs_voltmeter,local_unstable,12,12.0,2112947.0
dvs_voltmeter,local_unstable,13,13.0,1651032.0
dvs_voltmeter,local_unstable,14,14.0,313545.0
dvs_voltmeter,local_unstable,15,15.0,285339.0
dvs_voltmeter,local_unstable,16,16.0,464746.0
dvs_voltmeter,local_unstable,17,17.0,19244.0
dvs_voltmeter,varying_robust-008,0,0.0,518903.0
dvs_voltmeter,varying_robust-008,1,1.0,793495.0
dvs_voltmeter,varying_robust-008,2,2.0,903722.0
dvs_voltmeter,varying_robust-008,3,3.0,889096.0
dvs_voltmeter,varying_robust-008,4,4.0,697875.0
dvs_voltmeter,varying_robust-008,5,5.0,1243725.0
dvs_voltmeter,varying_robust-008,6,6.0,1285850.0
dvs_voltmeter,varying_robust-008,7,7.0,885055.0
dvs_voltmeter,varying_robust-008,8,8.0,738309.0
dvs_voltmeter,varying_robust-008,9,9.0,1299762.0
dvs_voltmeter,varying_robust-008,10,10.0,1447894.0
dvs_voltmeter,varying_robust-008,11,11.0,1437543.0
dvs_voltmeter,varying_robust-008,12,12.0,1183923.0
dvs_voltmeter,varying_robust-008,13,13.0,1300652.0
dvs_voltmeter,varying_robust-008,14,14.0,1119519.0
dvs_voltmeter,varying_robust-008,15,15.0,1010325.0
dvs_voltmeter,varying_robust-008,16,16.0,1668424.0
dvs_voltmeter,varying_robust-008,17,17.0,806940.0
dvs_voltmeter,varying_robust-008,18,18.0,1437351.0
dvs_voltmeter,varying_robust-008,19,19.0,1415723.0
dvs_voltmeter,varying_robust-008,20,20.0,864137.0
dvs_voltmeter,varying_robust-008,21,21.0,1774889.0
dvs_voltmeter,varying_robust-008,22,22.0,1908822.0
dvs_voltmeter,varying_robust-008,23,23.0,1996996.0
dvs_voltmeter,varying_robust-008,24,24.0,1268534.0
dvs_voltmeter,varying_robust-008,25,25.0,1722890.0
dvs_voltmeter,varying_robust-008,26,26.0,1215884.0
dvs_voltmeter,varying_robust-008,27,27.0,811161.0
dvs_voltmeter,varying_robust-008,28,28.0,1217330.0
dvs_voltmeter,varying_robust-008,29,29.0,833784.0
dvs_voltmeter,varying_robust-008,30,30.0,1105193.0
dvs_voltmeter,varying_robust-008,31,31.0,1202454.0
dvs_voltmeter,varying_robust-008,32,32.0,322780.0
dvs_voltmeter,varying_robust-008,33,33.0,123455.0
dvs_voltmeter,varying_robust-008,34,34.0,111211.0
dvs_voltmeter,varying_robust-008,35,35.0,88503.0
iebcs,dark_aggresive,0,0.0,22294.0
iebcs,dark_aggresive,1,1.0,178749.0
iebcs,dark_aggresive,2,2.0,94812.0
iebcs,dark_aggresive,3,3.0,256571.0
iebcs,dark_aggresive,4,4.0,116547.0
iebcs,dark_aggresive,5,5.0,75112.0
iebcs,dark_aggresive,6,6.0,63579.0
iebcs,dark_aggresive,7,7.0,70471.0
iebcs,dark_aggresive,8,8.0,168672.0
iebcs,dark_aggresive,9,9.0,76805.0
iebcs,dark_aggresive,10,10.0,126933.0
iebcs,dark_aggresive,11,11.0,125347.0
iebcs,dark_aggresive,12,12.0,124549.0
iebcs,dark_aggresive,13,13.0,24040.0
iebcs,dark_aggresive,14,14.0,50158.0
iebcs,dark_aggresive,15,15.0,42193.0
iebcs,dark_aggresive,16,16.0,18863.0
iebcs,dark_robust,0,0.0,13126.0
iebcs,dark_robust,1,1.0,15019.0
iebcs,dark_robust,2,2.0,16523.0
iebcs,dark_robust,3,3.0,21538.0
iebcs,dark_robust,4,4.0,88272.0
iebcs,dark_robust,5,5.0,117311.0
iebcs,dark_robust,6,6.0,118155.0
iebcs,dark_robust,7,7.0,114137.0
iebcs,dark_robust,8,8.0,77815.0
iebcs,dark_robust,9,9.0,44732.0
iebcs,dark_robust,10,10.0,32763.0
iebcs,dark_robust,11,11.0,18941.0
iebcs,dark_robust,12,12.0,11701.0
iebcs,dark_robust,13,13.0,21682.0
iebcs,dark_robust,14,14.0,52092.0
iebcs,dark_robust,15,15.0,52394.0
iebcs,dark_robust,16,16.0,54060.0
iebcs,dark_robust,17,17.0,49942.0
iebcs,dark_robust,18,18.0,61047.0
iebcs,dark_robust,19,19.0,100977.0
iebcs,dark_robust,20,20.0,114224.0
iebcs,dark_robust,21,21.0,34728.0
iebcs,dark_robust,22,22.0,16795.0
iebcs,dark_robust,23,23.0,13957.0
iebcs,dark_robust,24,24.0,13610.0
iebcs,dark_robust,25,25.0,14780.0
iebcs,dark_robust,26,26.0,14667.0
iebcs,dark_robust,27,27.0,23678.0
iebcs,dark_robust,28,28.0,53004.0
iebcs,dark_robust,29,29.0,66070.0
iebcs,dark_robust,30,30.0,83812.0
iebcs,dark_robust,31,31.0,52203.0
iebcs,dark_robust,32,32.0,14123.0
iebcs,dark_robust,33,33.0,13038.0
iebcs,dark_robust,34,34.0,12436.0
iebcs,dark_unstable,0,0.0,16188.0
iebcs,dark_unstable,1,1.0,46811.0
iebcs,dark_unstable,2,2.0,77452.0
iebcs,dark_unstable,3,3.0,203308.0
iebcs,dark_unstable,4,4.0,89603.0
iebcs,dark_unstable,5,5.0,43475.0
iebcs,dark_unstable,6,6.0,31664.0
iebcs,dark_unstable,7,7.0,53031.0
iebcs,dark_unstable,8,8.0,86284.0
iebcs,dark_unstable,9,9.0,137576.0
iebcs,dark_unstable,10,10.0,99738.0
iebcs,dark_unstable,11,11.0,75087.0
iebcs,dark_unstable,12,12.0,30895.0
iebcs,dark_unstable,13,13.0,25972.0
iebcs,dark_unstable,14,14.0,53981.0
iebcs,dark_unstable,15,15.0,173972.0
iebcs,dark_unstable,16,16.0,31692.0
iebcs,dark_unstable,17,17.0,16031.0
iebcs,dark_unstable,18,18.0,15249.0
iebcs,dark_unstable,19,19.0,13855.0
iebcs,dark_unstable,20,20.0,5979.0
iebcs,global_aggresive,0,0.0,496832.0
iebcs,global_aggresive,1,1.0,931652.0
iebcs,global_aggresive,2,2.0,1004450.0
iebcs,global_aggresive,3,3.0,890042.0
iebcs,global_aggresive,4,4.0,999486.0
iebcs,global_aggresive,5,5.0,799530.0
iebcs,global_aggresive,6,6.0,565954.0
iebcs,global_aggresive,7,7.0,1146375.0
iebcs,global_aggresive,8,8.0,634143.0
iebcs,global_aggresive,9,9.0,524820.0
iebcs,global_aggresive,10,10.0,569962.0
iebcs,global_aggresive,11,11.0,837764.0
iebcs,global_aggresive,12,12.0,770646.0
iebcs,global_aggresive,13,13.0,589372.0
iebcs,global_aggresive,14,14.0,334304.0
iebcs,global_aggresive,15,15.0,236542.0
iebcs,global_aggresive,16,16.0,161234.0
iebcs,global_robust-007,0,0.0,746010.0
iebcs,global_robust-007,1,1.0,305489.0
iebcs,global_robust-007,2,2.0,241534.0
iebcs,global_robust-007,3,3.0,291715.0
iebcs,global_robust-007,4,4.0,626822.0
iebcs,global_robust-007,5,5.0,436215.0
iebcs,global_robust-007,6,6.0,648500.0
iebcs,global_robust-007,7,7.0,472840.0
iebcs,global_robust-007,8,8.0,457441.0
iebcs,global_robust-007,9,9.0,421821.0
iebcs,global_robust-007,10,10.0,526270.0
iebcs,global_robust-007,11,11.0,535660.0
iebcs,global_robust-007,12,12.0,458389.0
iebcs,global_robust-007,13,13.0,425528.0
iebcs,global_robust-007,14,14.0,400768.0
iebcs,global_robust-007,15,15.0,229520.0
iebcs,global_robust-007,16,16.0,269433.0
iebcs,global_robust-007,17,17.0,274556.0
iebcs,global_robust-007,18,18.0,221845.0
iebcs,global_robust-007,19,19.0,287139.0
iebcs,global_robust-007,20,20.0,347553.0
iebcs,global_robust-007,21,21.0,360514.0
iebcs,global_robust-007,22,22.0,303649.0
iebcs,global_robust-007,23,23.0,320630.0
iebcs,global_robust-007,24,24.0,380361.0
iebcs,global_robust-007,25,25.0,341252.0
iebcs,global_robust-007,26,26.0,454152.0
iebcs,global_robust-007,27,27.0,394451.0
iebcs,global_robust-007,28,28.0,215036.0
iebcs,global_robust-007,29,29.0,178223.0
iebcs,global_robust-007,30,30.0,198904.0
iebcs,global_robust-007,31,31.0,328665.0
iebcs,global_robust-007,32,32.0,593538.0
iebcs,global_robust-007,33,33.0,450562.0
iebcs,global_robust-007,34,34.0,432677.0
iebcs,global_robust-007,35,35.0,315057.0
iebcs,global_robust-007,36,36.0,253681.0
iebcs,global_robust-007,37,37.0,270049.0
iebcs,global_robust-007,38,38.0,340620.0
iebcs,global_robust-007,39,39.0,294686.0
iebcs,global_robust-007,40,40.0,355438.0
iebcs,global_robust-007,41,41.0,435065.0
iebcs,global_robust-007,42,42.0,370550.0
iebcs,global_robust-007,43,43.0,557269.0
iebcs,global_robust-007,44,44.0,515360.0
iebcs,global_robust-007,45,45.0,537256.0
iebcs,global_robust-007,46,46.0,507688.0
iebcs,global_robust-007,47,47.0,550056.0
iebcs,global_robust-007,48,48.0,486581.0
iebcs,global_robust-007,49,49.0,280916.0
iebcs,global_robust-007,50,50.0,242751.0
iebcs,global_robust-007,51,51.0,319458.0
iebcs,global_unstable,0,0.0,186086.0
iebcs,global_unstable,1,1.0,209003.0
iebcs,global_unstable,2,2.0,353249.0
iebcs,global_unstable,3,3.0,683862.0
iebcs,global_unstable,4,4.0,789166.0
iebcs,global_unstable,5,5.0,575217.0
iebcs,global_unstable,6,6.0,403212.0
iebcs,global_unstable,7,7.0,457632.0
iebcs,global_unstable,8,8.0,525489.0
iebcs,global_unstable,9,9.0,435770.0
iebcs,global_unstable,10,10.0,644844.0
iebcs,global_unstable,11,11.0,760531.0
iebcs,global_unstable,12,12.0,706685.0
iebcs,global_unstable,13,13.0,745109.0
iebcs,global_unstable,14,14.0,837653.0
iebcs,global_unstable,15,15.0,702435.0
iebcs,global_unstable,16,16.0,568026.0
iebcs,global_unstable,17,17.0,557861.0
iebcs,global_unstable,18,18.0,543787.0
iebcs,global_unstable,19,19.0,789146.0
iebcs,global_unstable,20,20.0,908456.0
iebcs,global_unstable,21,21.0,805130.0
iebcs,global_unstable,22,22.0,420356.0
iebcs,global_unstable,23,23.0,365094.0
iebcs,local_aggressive,0,0.0,1365323.0
iebcs,local_aggressive,1,1.0,1383125.0
iebcs,local_aggressive,2,2.0,1211717.0
iebcs,local_aggressive,3,3.0,1122222.0
iebcs,local_aggressive,4,4.0,1201838.0
iebcs,local_aggressive,5,5.0,904591.0
iebcs,local_aggressive,6,6.0,1540214.0
iebcs,local_aggressive,7,7.0,1537247.0
iebcs,local_aggressive,8,8.0,1430493.0
iebcs,local_aggressive,9,9.0,1113686.0
iebcs,local_aggressive,10,10.0,1072656.0
iebcs,local_aggressive,11,11.0,843913.0
iebcs,local_aggressive,12,12.0,848023.0
iebcs,local_aggressive,13,13.0,361394.0
iebcs,local_robust,0,0.0,590153.0
iebcs,local_robust,1,1.0,673066.0
iebcs,local_robust,2,2.0,761893.0
iebcs,local_robust,3,3.0,1017643.0
iebcs,local_robust,4,4.0,1037023.0
iebcs,local_robust,5,5.0,964312.0
iebcs,local_robust,6,6.0,830617.0
iebcs,local_robust,7,7.0,656842.0
iebcs,local_robust,8,8.0,857442.0
iebcs,local_robust,9,9.0,789431.0
iebcs,local_robust,10,10.0,685065.0
iebcs,local_robust,11,11.0,620893.0
iebcs,local_robust,12,12.0,837672.0
iebcs,local_robust,13,13.0,736693.0
iebcs,local_robust,14,14.0,583508.0
iebcs,local_robust,15,15.0,519067.0
iebcs,local_robust,16,16.0,629647.0
iebcs,local_robust,17,17.0,603554.0
iebcs,local_robust,18,18.0,331929.0
iebcs,local_robust,19,19.0,356446.0
iebcs,local_robust,20,20.0,591420.0
iebcs,local_robust,21,21.0,618584.0
iebcs,local_robust,22,22.0,803462.0
iebcs,local_robust,23,23.0,861786.0
iebcs,local_robust,24,24.0,794996.0
iebcs,local_robust,25,25.0,697990.0
iebcs,local_robust,26,26.0,713596.0
iebcs,local_robust,27,27.0,981430.0
iebcs,local_robust,28,28.0,1066716.0
iebcs,local_robust,29,29.0,896903.0
iebcs,local_robust,30,30.0,1011529.0
iebcs,local_robust,31,31.0,853620.0
iebcs,local_robust,32,32.0,770645.0
iebcs,local_robust,33,33.0,678115.0
iebcs,local_robust,34,34.0,639494.0
iebcs,local_unstable,0,0.0,835194.0
iebcs,local_unstable,1,1.0,1205478.0
iebcs,local_unstable,2,2.0,1041186.0
iebcs,local_unstable,3,3.0,925136.0
iebcs,local_unstable,4,4.0,819971.0
iebcs,local_unstable,5,5.0,746297.0
iebcs,local_unstable,6,6.0,723962.0
iebcs,local_unstable,7,7.0,631642.0
iebcs,local_unstable,8,8.0,1082867.0
iebcs,local_unstable,9,9.0,1335485.0
iebcs,local_unstable,10,10.0,1346330.0
iebcs,local_unstable,11,11.0,1270391.0
iebcs,local_unstable,12,12.0,1251181.0
iebcs,local_unstable,13,13.0,1169526.0
iebcs,local_unstable,14,14.0,711171.0
iebcs,local_unstable,15,15.0,681061.0
iebcs,local_unstable,16,16.0,736677.0
iebcs,local_unstable,17,17.0,249.0
iebcs,varying_robust-008,0,0.0,591284.0
iebcs,varying_robust-008,1,1.0,1149522.0
iebcs,varying_robust-008,2,2.0,952677.0
iebcs,varying_robust-008,3,3.0,939626.0
iebcs,varying_robust-008,4,4.0,923181.0
iebcs,varying_robust-008,5,5.0,1065804.0
iebcs,varying_robust-008,6,6.0,1228547.0
iebcs,varying_robust-008,7,7.0,1030379.0
iebcs,varying_robust-008,8,8.0,719901.0
iebcs,varying_robust-008,9,9.0,1481262.0
iebcs,varying_robust-008,10,10.0,1435528.0
iebcs,varying_robust-008,11,11.0,1033862.0
iebcs,varying_robust-008,12,12.0,1100250.0
iebcs,varying_robust-008,13,13.0,658818.0
iebcs,varying_robust-008,14,14.0,575881.0
iebcs,varying_robust-008,15,15.0,931295.0
iebcs,varying_robust-008,16,16.0,925540.0
iebcs,varying_robust-008,17,17.0,446526.0
iebcs,varying_robust-008,18,18.0,1367189.0
iebcs,varying_robust-008,19,19.0,1237038.0
iebcs,varying_robust-008,20,20.0,449410.0
iebcs,varying_robust-008,21,21.0,1160939.0
iebcs,varying_robust-008,22,22.0,1012621.0
iebcs,varying_robust-008,23,23.0,1158721.0
iebcs,varying_robust-008,24,24.0,1301184.0
iebcs,varying_robust-008,25,25.0,1140340.0
iebcs,varying_robust-008,26,26.0,1251132.0
iebcs,varying_robust-008,27,27.0,962284.0
iebcs,varying_robust-008,28,28.0,1122326.0
iebcs,varying_robust-008,29,29.0,857206.0
iebcs,varying_robust-008,30,30.0,1027822.0
iebcs,varying_robust-008,31,31.0,1364291.0
iebcs,varying_robust-008,32,32.0,704509.0
iebcs,varying_robust-008,33,33.0,505887.0
iebcs,varying_robust-008,34,34.0,498925.0
iebcs,varying_robust-008,35,35.0,388762.0
pix2nvs,dark_aggresive,0,0.0,3027.0
pix2nvs,dark_aggresive,1,1.0,52312.0
pix2nvs,dark_aggresive,2,2.0,31033.0
pix2nvs,dark_aggresive,3,3.0,87264.0
pix2nvs,dark_aggresive,4,4.0,30306.0
pix2nvs,dark_aggresive,5,5.0,19016.0
pix2nvs,dark_aggresive,6,6.0,8500.0
pix2nvs,dark_aggresive,7,7.0,7830.0
pix2nvs,dark_aggresive,8,8.0,42763.0
pix2nvs,dark_aggresive,9,9.0,34280.0
pix2nvs,dark_aggresive,10,10.0,22801.0
pix2nvs,dark_aggresive,11,11.0,17716.0
pix2nvs,dark_aggresive,12,12.0,26842.0
pix2nvs,dark_aggresive,13,13.0,16136.0
pix2nvs,dark_aggresive,14,14.0,17307.0
pix2nvs,dark_aggresive,15,15.0,9312.0
pix2nvs,dark_aggresive,16,16.0,7123.0
pix2nvs,dark_robust,0,0.0,863.0
pix2nvs,dark_robust,1,1.0,1456.0
pix2nvs,dark_robust,2,2.0,1508.0
pix2nvs,dark_robust,3,3.0,2925.0
pix2nvs,dark_robust,4,4.0,35443.0
pix2nvs,dark_robust,5,5.0,50949.0
pix2nvs,dark_robust,6,6.0,47456.0
pix2nvs,dark_robust,7,7.0,50799.0
pix2nvs,dark_robust,8,8.0,34460.0
pix2nvs,dark_robust,9,9.0,18772.0
pix2nvs,dark_robust,10,10.0,12471.0
pix2nvs,dark_robust,11,11.0,5663.0
pix2nvs,dark_robust,12,12.0,207.0
pix2nvs,dark_robust,13,13.0,3466.0
pix2nvs,dark_robust,14,14.0,18044.0
pix2nvs,dark_robust,15,15.0,21185.0
pix2nvs,dark_robust,16,16.0,21585.0
pix2nvs,dark_robust,17,17.0,19638.0
pix2nvs,dark_robust,18,18.0,27889.0
pix2nvs,dark_robust,19,19.0,45900.0
pix2nvs,dark_robust,20,20.0,51908.0
pix2nvs,dark_robust,21,21.0,16000.0
pix2nvs,dark_robust,22,22.0,2855.0
pix2nvs,dark_robust,23,23.0,1550.0
pix2nvs,dark_robust,24,24.0,1706.0
pix2nvs,dark_robust,25,25.0,1444.0
pix2nvs,dark_robust,26,26.0,550.0
pix2nvs,dark_robust,27,27.0,4147.0
pix2nvs,dark_robust,28,28.0,19355.0
pix2nvs,dark_robust,29,29.0,24602.0
pix2nvs,dark_robust,30,30.0,28995.0
pix2nvs,dark_robust,31,31.0,21068.0
pix2nvs,dark_robust,32,32.0,2100.0
pix2nvs,dark_robust,33,33.0,1232.0
pix2nvs,dark_robust,34,34.0,1149.0
pix2nvs,dark_robust,35,35.0,15.0
pix2nvs,dark_unstable,0,0.0,1435.0
pix2nvs,dark_unstable,1,1.0,13167.0
pix2nvs,dark_unstable,2,2.0,21398.0
pix2nvs,dark_unstable,3,3.0,63281.0
pix2nvs,dark_unstable,4,4.0,19908.0
pix2nvs,dark_unstable,5,5.0,8755.0
pix2nvs,dark_unstable,6,6.0,6955.0
pix2nvs,dark_unstable,7,7.0,22355.0
pix2nvs,dark_unstable,8,8.0,27601.0
pix2nvs,dark_unstable,9,9.0,59840.0
pix2nvs,dark_unstable,10,10.0,26016.0
pix2nvs,dark_unstable,11,11.0,18811.0
pix2nvs,dark_unstable,12,12.0,4797.0
pix2nvs,dark_unstable,13,13.0,4530.0
pix2nvs,dark_unstable,14,14.0,8974.0
pix2nvs,dark_unstable,15,15.0,50004.0
pix2nvs,dark_unstable,16,16.0,8402.0
pix2nvs,dark_unstable,17,17.0,1491.0
pix2nvs,dark_unstable,18,18.0,1321.0
pix2nvs,dark_unstable,19,19.0,1066.0
pix2nvs,dark_unstable,20,20.0,604.0
pix2nvs,global_aggresive,0,0.0,265639.0
pix2nvs,global_aggresive,1,1.0,697994.0
pix2nvs,global_aggresive,2,2.0,787762.0
pix2nvs,global_aggresive,3,3.0,733318.0
pix2nvs,global_aggresive,4,4.0,784296.0
pix2nvs,global_aggresive,5,5.0,647344.0
pix2nvs,global_aggresive,6,6.0,461741.0
pix2nvs,global_aggresive,7,7.0,827657.0
pix2nvs,global_aggresive,8,8.0,437680.0
pix2nvs,global_aggresive,9,9.0,441271.0
pix2nvs,global_aggresive,10,10.0,414170.0
pix2nvs,global_aggresive,11,11.0,558918.0
pix2nvs,global_aggresive,12,12.0,651697.0
pix2nvs,global_aggresive,13,13.0,516405.0
pix2nvs,global_aggresive,14,14.0,175943.0
pix2nvs,global_aggresive,15,15.0,97050.0
pix2nvs,global_aggresive,16,16.0,51419.0
pix2nvs,global_robust-007,0,0.0,361862.0
pix2nvs,global_robust-007,1,1.0,53189.0
pix2nvs,global_robust-007,2,2.0,32712.0
pix2nvs,global_robust-007,3,3.0,63898.0
pix2nvs,global_robust-007,4,4.0,365614.0
pix2nvs,global_robust-007,5,5.0,186646.0
pix2nvs,global_robust-007,6,6.0,332185.0
pix2nvs,global_robust-007,7,7.0,184119.0
pix2nvs,global_robust-007,8,8.0,221021.0
pix2nvs,global_robust-007,9,9.0,182712.0
pix2nvs,global_robust-007,10,10.0,347012.0
pix2nvs,global_robust-007,11,11.0,362266.0
pix2nvs,global_robust-007,12,12.0,327735.0
pix2nvs,global_robust-007,13,13.0,356890.0
pix2nvs,global_robust-007,14,14.0,308569.0
pix2nvs,global_robust-007,15,15.0,135751.0
pix2nvs,global_robust-007,16,16.0,204526.0
pix2nvs,global_robust-007,17,17.0,213459.0
pix2nvs,global_robust-007,18,18.0,152712.0
pix2nvs,global_robust-007,19,19.0,213762.0
pix2nvs,global_robust-007,20,20.0,213511.0
pix2nvs,global_robust-007,21,21.0,214685.0
pix2nvs,global_robust-007,22,22.0,147700.0
pix2nvs,global_robust-007,23,23.0,170865.0
pix2nvs,global_robust-007,24,24.0,201630.0
pix2nvs,global_robust-007,25,25.0,179480.0
pix2nvs,global_robust-007,26,26.0,260734.0
pix2nvs,global_robust-007,27,27.0,268053.0
pix2nvs,global_robust-007,28,28.0,110652.0
pix2nvs,global_robust-007,29,29.0,82662.0
pix2nvs,global_robust-007,30,30.0,102483.0
pix2nvs,global_robust-007,31,31.0,205940.0
pix2nvs,global_robust-007,32,32.0,368560.0
pix2nvs,global_robust-007,33,33.0,327025.0
pix2nvs,global_robust-007,34,34.0,274547.0
pix2nvs,global_robust-007,35,35.0,198534.0
pix2nvs,global_robust-007,36,36.0,130660.0
pix2nvs,global_robust-007,37,37.0,146698.0
pix2nvs,global_robust-007,38,38.0,192478.0
pix2nvs,global_robust-007,39,39.0,138933.0
pix2nvs,global_robust-007,40,40.0,179774.0
pix2nvs,global_robust-007,41,41.0,296368.0
pix2nvs,global_robust-007,42,42.0,235319.0
pix2nvs,global_robust-007,43,43.0,398991.0
pix2nvs,global_robust-007,44,44.0,349500.0
pix2nvs,global_robust-007,45,45.0,389769.0
pix2nvs,global_robust-007,46,46.0,317193.0
pix2nvs,global_robust-007,47,47.0,312311.0
pix2nvs,global_robust-007,48,48.0,257317.0
pix2nvs,global_robust-007,49,49.0,87166.0
pix2nvs,global_robust-007,50,50.0,66532.0
pix2nvs,global_robust-007,51,51.0,155766.0
pix2nvs,global_unstable,0,0.0,24232.0
pix2nvs,global_unstable,1,1.0,42608.0
pix2nvs,global_unstable,2,2.0,151602.0
pix2nvs,global_unstable,3,3.0,434413.0
pix2nvs,global_unstable,4,4.0,575538.0
pix2nvs,global_unstable,5,5.0,510321.0
pix2nvs,global_unstable,6,6.0,278074.0
pix2nvs,global_unstable,7,7.0,304930.0
pix2nvs,global_unstable,8,8.0,396883.0
pix2nvs,global_unstable,9,9.0,277670.0
pix2nvs,global_unstable,10,10.0,477063.0
pix2nvs,global_unstable,11,11.0,593178.0
pix2nvs,global_unstable,12,12.0,456114.0
pix2nvs,global_unstable,13,13.0,625496.0
pix2nvs,global_unstable,14,14.0,633802.0
pix2nvs,global_unstable,15,15.0,591710.0
pix2nvs,global_unstable,16,16.0,396322.0
pix2nvs,global_unstable,17,17.0,388495.0
pix2nvs,global_unstable,18,18.0,451788.0
pix2nvs,global_unstable,19,19.0,520114.0
pix2nvs,global_unstable,20,20.0,621361.0
pix2nvs,global_unstable,21,21.0,619099.0
pix2nvs,global_unstable,22,22.0,162790.0
pix2nvs,global_unstable,23,23.0,196307.0
pix2nvs,local_aggressive,0,0.0,930766.0
pix2nvs,local_aggressive,1,1.0,1054587.0
pix2nvs,local_aggressive,2,2.0,775812.0
pix2nvs,local_aggressive,3,3.0,874470.0
pix2nvs,local_aggressive,4,4.0,793230.0
pix2nvs,local_aggressive,5,5.0,640293.0
pix2nvs,local_aggressive,6,6.0,1052395.0
pix2nvs,local_aggressive,7,7.0,860465.0
pix2nvs,local_aggressive,8,8.0,825281.0
pix2nvs,local_aggressive,9,9.0,531781.0
pix2nvs,local_aggressive,10,10.0,392780.0
pix2nvs,local_aggressive,11,11.0,241677.0
pix2nvs,local_aggressive,12,12.0,203257.0
pix2nvs,local_aggressive,13,13.0,94982.0
pix2nvs,local_robust,0,0.0,121980.0
pix2nvs,local_robust,1,1.0,131991.0
pix2nvs,local_robust,2,2.0,223356.0
pix2nvs,local_robust,3,3.0,488027.0
pix2nvs,local_robust,4,4.0,418861.0
pix2nvs,local_robust,5,5.0,448402.0
pix2nvs,local_robust,6,6.0,430344.0
pix2nvs,local_robust,7,7.0,243720.0
pix2nvs,local_robust,8,8.0,499161.0
pix2nvs,local_robust,9,9.0,595414.0
pix2nvs,local_robust,10,10.0,462873.0
pix2nvs,local_robust,11,11.0,412604.0
pix2nvs,local_robust,12,12.0,442404.0
pix2nvs,local_robust,13,13.0,351357.0
pix2nvs,local_robust,14,14.0,226428.0
pix2nvs,local_robust,15,15.0,212760.0
pix2nvs,local_robust,16,16.0,390407.0
pix2nvs,local_robust,17,17.0,361254.0
pix2nvs,local_robust,18,18.0,124030.0
pix2nvs,local_robust,19,19.0,139153.0
pix2nvs,local_robust,20,20.0,348572.0
pix2nvs,local_robust,21,21.0,409972.0
pix2nvs,local_robust,22,22.0,418691.0
pix2nvs,local_robust,23,23.0,476929.0
pix2nvs,local_robust,24,24.0,449444.0
pix2nvs,local_robust,25,25.0,283977.0
pix2nvs,local_robust,26,26.0,265194.0
pix2nvs,local_robust,27,27.0,470860.0
pix2nvs,local_robust,28,28.0,540888.0
pix2nvs,local_robust,29,29.0,480294.0
pix2nvs,local_robust,30,30.0,578037.0
pix2nvs,local_robust,31,31.0,330973.0
pix2nvs,local_robust,32,32.0,156012.0
pix2nvs,local_robust,33,33.0,97392.0
pix2nvs,local_robust,34,34.0,79333.0
pix2nvs,local_robust,35,35.0,3716.0
pix2nvs,local_unstable,0,0.0,394932.0
pix2nvs,local_unstable,1,1.0,736060.0
pix2nvs,local_unstable,2,2.0,819986.0
pix2nvs,local_unstable,3,3.0,610561.0
pix2nvs,local_unstable,4,4.0,525324.0
pix2nvs,local_unstable,5,5.0,476768.0
pix2nvs,local_unstable,6,6.0,495661.0
pix2nvs,local_unstable,7,7.0,403417.0
pix2nvs,local_unstable,8,8.0,653141.0
pix2nvs,local_unstable,9,9.0,767225.0
pix2nvs,local_unstable,10,10.0,693771.0
pix2nvs,local_unstable,11,11.0,616948.0
pix2nvs,local_unstable,12,12.0,783260.0
pix2nvs,local_unstable,13,13.0,678659.0
pix2nvs,local_unstable,14,14.0,197264.0
pix2nvs,local_unstable,15,15.0,131991.0
pix2nvs,local_unstable,16,16.0,232950.0
pix2nvs,local_unstable,17,17.0,24619.0
pix2nvs,varying_robust-008,0,0.0,230118.0
pix2nvs,varying_robust-008,1,1.0,482223.0
pix2nvs,varying_robust-008,2,2.0,440199.0
pix2nvs,varying_robust-008,3,3.0,364019.0
pix2nvs,varying_robust-008,4,4.0,377891.0
pix2nvs,varying_robust-008,5,5.0,514436.0
pix2nvs,varying_robust-008,6,6.0,534962.0
pix2nvs,varying_robust-008,7,7.0,409810.0
pix2nvs,varying_robust-008,8,8.0,235739.0
pix2nvs,varying_robust-008,9,9.0,563715.0
pix2nvs,varying_robust-008,10,10.0,618202.0
pix2nvs,varying_robust-008,11,11.0,467896.0
pix2nvs,varying_robust-008,12,12.0,466055.0
pix2nvs,varying_robust-008,13,13.0,287502.0
pix2nvs,varying_robust-008,14,14.0,309192.0
pix2nvs,varying_robust-008,15,15.0,347332.0
pix2nvs,varying_robust-008,16,16.0,478779.0
pix2nvs,varying_robust-008,17,17.0,231235.0
pix2nvs,varying_robust-008,18,18.0,555483.0
pix2nvs,varying_robust-008,19,19.0,536584.0
pix2nvs,varying_robust-008,20,20.0,233334.0
pix2nvs,varying_robust-008,21,21.0,626370.0
pix2nvs,varying_robust-008,22,22.0,464592.0
pix2nvs,varying_robust-008,23,23.0,570271.0
pix2nvs,varying_robust-008,24,24.0,526020.0
pix2nvs,varying_robust-008,25,25.0,630347.0
pix2nvs,varying_robust-008,26,26.0,515172.0
pix2nvs,varying_robust-008,27,27.0,347416.0
pix2nvs,varying_robust-008,28,28.0,499534.0
pix2nvs,varying_robust-008,29,29.0,333558.0
pix2nvs,varying_robust-008,30,30.0,568222.0
pix2nvs,varying_robust-008,31,31.0,582722.0
pix2nvs,varying_robust-008,32,32.0,294420.0
pix2nvs,varying_robust-008,33,33.0,140822.0
pix2nvs,varying_robust-008,34,34.0,124391.0
pix2nvs,varying_robust-008,35,35.0,90568.0
v2e,dark_aggresive,0,0.0,13155.0
v2e,dark_aggresive,1,1.0,823319.0
v2e,dark_aggresive,2,2.0,392311.0
v2e,dark_aggresive,3,3.0,792349.0
v2e,dark_aggresive,4,4.0,458815.0
v2e,dark_aggresive,5,5.0,404926.0
v2e,dark_aggresive,6,6.0,126033.0
v2e,dark_aggresive,7,7.0,213629.0
v2e,dark_aggresive,8,8.0,395481.0
v2e,dark_aggresive,9,9.0,838642.0
v2e,dark_aggresive,10,10.0,499313.0
v2e,dark_aggresive,11,11.0,407690.0
v2e,dark_aggresive,12,12.0,723953.0
v2e,dark_aggresive,13,13.0,483299.0
v2e,dark_aggresive,14,14.0,99057.0
v2e,dark_aggresive,15,15.0,20893.0
v2e,dark_aggresive,16,16.0,15487.0
v2e,dark_robust,0,0.0,2293.0
v2e,dark_robust,1,1.0,5092.0
v2e,dark_robust,2,2.0,11446.0
v2e,dark_robust,3,3.0,23853.0
v2e,dark_robust,4,4.0,241503.0
v2e,dark_robust,5,5.0,249658.0
v2e,dark_robust,6,6.0,217054.0
v2e,dark_robust,7,7.0,232171.0
v2e,dark_robust,8,8.0,170136.0
v2e,dark_robust,9,9.0,77097.0
v2e,dark_robust,10,10.0,39314.0
v2e,dark_robust,11,11.0,26712.0
v2e,dark_robust,12,12.0,2086.0
v2e,dark_robust,13,13.0,25276.0
v2e,dark_robust,14,14.0,152526.0
v2e,dark_robust,15,15.0,79026.0
v2e,dark_robust,16,16.0,80321.0
v2e,dark_robust,17,17.0,66262.0
v2e,dark_robust,18,18.0,82573.0
v2e,dark_robust,19,19.0,229817.0
v2e,dark_robust,20,20.0,437903.0
v2e,dark_robust,21,21.0,117365.0
v2e,dark_robust,22,22.0,17252.0
v2e,dark_robust,23,23.0,5260.0
v2e,dark_robust,24,24.0,5722.0
v2e,dark_robust,25,25.0,2964.0
v2e,dark_robust,26,26.0,1145.0
v2e,dark_robust,27,27.0,9935.0
v2e,dark_robust,28,28.0,93035.0
v2e,dark_robust,29,29.0,110500.0
v2e,dark_robust,30,30.0,237908.0
v2e,dark_robust,31,31.0,182723.0
v2e,dark_robust,32,32.0,6670.0
v2e,dark_robust,33,33.0,2972.0
v2e,dark_robust,34,34.0,2826.0
v2e,dark_robust,35,35.0,11.0
v2e,dark_unstable,0,0.0,11990.0
v2e,dark_unstable,1,1.0,125445.0
v2e,dark_unstable,2,2.0,239111.0
v2e,dark_unstable,3,3.0,869234.0
v2e,dark_unstable,4,4.0,228758.0
v2e,dark_unstable,5,5.0,101308.0
v2e,dark_unstable,6,6.0,163374.0
v2e,dark_unstable,7,7.0,167985.0
v2e,dark_unstable,8,8.0,289479.0
v2e,dark_unstable,9,9.0,412998.0
v2e,dark_unstable,10,10.0,265652.0
v2e,dark_unstable,11,11.0,294322.0
v2e,dark_unstable,12,12.0,39366.0
v2e,dark_unstable,13,13.0,37385.0
v2e,dark_unstable,14,14.0,125837.0
v2e,dark_unstable,15,15.0,657346.0
v2e,dark_unstable,16,16.0,101847.0
v2e,dark_unstable,17,17.0,5180.0
v2e,dark_unstable,18,18.0,3276.0
v2e,dark_unstable,19,19.0,2331.0
v2e,dark_unstable,20,20.0,1367.0
v2e,global_aggresive,0,0.0,1754765.0
v2e,global_aggresive,1,1.0,4249933.0
v2e,global_aggresive,2,2.0,4895996.0
v2e,global_aggresive,3,3.0,4736630.0
v2e,global_aggresive,4,4.0,5003073.0
v2e,global_aggresive,5,5.0,4446609.0
v2e,global_aggresive,6,6.0,2896944.0
v2e,global_aggresive,7,7.0,7594704.0
v2e,global_aggresive,8,8.0,3639151.0
v2e,global_aggresive,9,9.0,3294804.0
v2e,global_aggresive,10,10.0,2685508.0
v2e,global_aggresive,11,11.0,4365078.0
v2e,global_aggresive,12,12.0,4461358.0
v2e,global_aggresive,13,13.0,3149868.0
v2e,global_aggresive,14,14.0,1109992.0
v2e,global_aggresive,15,15.0,632789.0
v2e,global_aggresive,16,16.0,359861.0
v2e,global_robust-007,0,0.0,3529107.0
v2e,global_robust-007,1,1.0,421406.0
v2e,global_robust-007,2,2.0,249030.0
v2e,global_robust-007,3,3.0,449400.0
v2e,global_robust-007,4,4.0,2306786.0
v2e,global_robust-007,5,5.0,1379516.0
v2e,global_robust-007,6,6.0,2162059.0
v2e,global_robust-007,7,7.0,1149833.0
v2e,global_robust-007,8,8.0,1224598.0
v2e,global_robust-007,9,9.0,1053683.0
v2e,global_robust-007,10,10.0,1919169.0
v2e,global_robust-007,11,11.0,2062820.0
v2e,global_robust-007,12,12.0,1988493.0
v2e,global_robust-007,13,13.0,2134477.0
v2e,global_robust-007,14,14.0,1924165.0
v2e,global_robust-007,15,15.0,975073.0
v2e,global_robust-007,16,16.0,1284675.0
v2e,global_robust-007,17,17.0,1264547.0
v2e,global_robust-007,18,18.0,1010609.0
v2e,global_robust-007,19,19.0,1508563.0
v2e,global_robust-007,20,20.0,1457052.0
v2e,global_robust-007,21,21.0,1436563.0
v2e,global_robust-007,22,22.0,979226.0
v2e,global_robust-007,23,23.0,1133677.0
v2e,global_robust-007,24,24.0,1295929.0
v2e,global_robust-007,25,25.0,1069329.0
v2e,global_robust-007,26,26.0,1779792.0
v2e,global_robust-007,27,27.0,1904081.0
v2e,global_robust-007,28,28.0,743245.0
v2e,global_robust-007,29,29.0,544536.0
v2e,global_robust-007,30,30.0,638592.0
v2e,global_robust-007,31,31.0,1326798.0
v2e,global_robust-007,32,32.0,2236379.0
v2e,global_robust-007,33,33.0,2109021.0
v2e,global_robust-007,34,34.0,1636170.0
v2e,global_robust-007,35,35.0,1106429.0
v2e,global_robust-007,36,36.0,689172.0
v2e,global_robust-007,37,37.0,725615.0
v2e,global_robust-007,38,38.0,983584.0
v2e,global_robust-007,39,39.0,697662.0
v2e,global_robust-007,40,40.0,908953.0
v2e,global_robust-007,41,41.0,1748640.0
v2e,global_robust-007,42,42.0,1419381.0
v2e,global_robust-007,43,43.0,2561924.0
v2e,global_robust-007,44,44.0,2341051.0
v2e,global_robust-007,45,45.0,2533366.0
v2e,global_robust-007,46,46.0,1904191.0
v2e,global_robust-007,47,47.0,1853173.0
v2e,global_robust-007,48,48.0,1709055.0
v2e,global_robust-007,49,49.0,737609.0
v2e,global_robust-007,50,50.0,565828.0
v2e,global_robust-007,51,51.0,1071046.0
v2e,global_unstable,0,0.0,193776.0
v2e,global_unstable,1,1.0,311283.0
v2e,global_unstable,2,2.0,931643.0
v2e,global_unstable,3,3.0,2671312.0
v2e,global_unstable,4,4.0,3526102.0
v2e,global_unstable,5,5.0,3003668.0
v2e,global_unstable,6,6.0,1778443.0
v2e,global_unstable,7,7.0,1814888.0
v2e,global_unstable,8,8.0,2349620.0
v2e,global_unstable,9,9.0,1627846.0
v2e,global_unstable,10,10.0,3574756.0
v2e,global_unstable,11,11.0,4041846.0
v2e,global_unstable,12,12.0,2593856.0
v2e,global_unstable,13,13.0,3661815.0
v2e,global_unstable,14,14.0,4116704.0
v2e,global_unstable,15,15.0,3780023.0
v2e,global_unstable,16,16.0,2883357.0
v2e,global_unstable,17,17.0,3062178.0
v2e,global_unstable,18,18.0,3314890.0
v2e,global_unstable,19,19.0,3896587.0
v2e,global_unstable,20,20.0,4717782.0
v2e,global_unstable,21,21.0,3851607.0
v2e,global_unstable,22,22.0,1155789.0
v2e,global_unstable,23,23.0,1344013.0
v2e,local_aggressive,0,0.0,7088982.0
v2e,local_aggressive,1,1.0,7879416.0
v2e,local_aggressive,2,2.0,5911385.0
v2e,local_aggressive,3,3.0,6161508.0
v2e,local_aggressive,4,4.0,6558839.0
v2e,local_aggressive,5,5.0,5258842.0
v2e,local_aggressive,6,6.0,8180994.0
v2e,local_aggressive,7,7.0,7156946.0
v2e,local_aggressive,8,8.0,6304527.0
v2e,local_aggressive,9,9.0,3669522.0
v2e,local_aggressive,10,10.0,2337715.0
v2e,local_aggressive,11,11.0,1360817.0
v2e,local_aggressive,12,12.0,1018184.0
v2e,local_aggressive,13,13.0,466564.0
v2e,local_robust,0,0.0,563963.0
v2e,local_robust,1,1.0,582589.0
v2e,local_robust,2,2.0,1032455.0
v2e,local_robust,3,3.0,2693117.0
v2e,local_robust,4,4.0,2276606.0
v2e,local_robust,5,5.0,2740965.0
v2e,local_robust,6,6.0,2683694.0
v2e,local_robust,7,7.0,1637780.0
v2e,local_robust,8,8.0,3316345.0
v2e,local_robust,9,9.0,3928263.0
v2e,local_robust,10,10.0,2858682.0
v2e,local_robust,11,11.0,2616041.0
v2e,local_robust,12,12.0,2590760.0
v2e,local_robust,13,13.0,2015267.0
v2e,local_robust,14,14.0,1311841.0
v2e,local_robust,15,15.0,1366810.0
v2e,local_robust,16,16.0,2800216.0
v2e,local_robust,17,17.0,2663789.0
v2e,local_robust,18,18.0,902187.0
v2e,local_robust,19,19.0,945971.0
v2e,local_robust,20,20.0,2368185.0
v2e,local_robust,21,21.0,2895050.0
v2e,local_robust,22,22.0,2710423.0
v2e,local_robust,23,23.0,3107606.0
v2e,local_robust,24,24.0,2802563.0
v2e,local_robust,25,25.0,1598888.0
v2e,local_robust,26,26.0,1493126.0
v2e,local_robust,27,27.0,2972395.0
v2e,local_robust,28,28.0,3837063.0
v2e,local_robust,29,29.0,3328545.0
v2e,local_robust,30,30.0,4045840.0
v2e,local_robust,31,31.0,1831834.0
v2e,local_robust,32,32.0,744882.0
v2e,local_robust,33,33.0,450759.0
v2e,local_robust,34,34.0,332696.0
v2e,local_robust,35,35.0,1103.0
v2e,local_unstable,0,0.0,2422418.0
v2e,local_unstable,1,1.0,4606210.0
v2e,local_unstable,2,2.0,5206596.0
v2e,local_unstable,3,3.0,4439335.0
v2e,local_unstable,4,4.0,3747232.0
v2e,local_unstable,5,5.0,3143144.0
v2e,local_unstable,6,6.0,3764115.0
v2e,local_unstable,7,7.0,2610574.0
v2e,local_unstable,8,8.0,5009273.0
v2e,local_unstable,9,9.0,5573065.0
v2e,local_unstable,10,10.0,5050049.0
v2e,local_unstable,11,11.0,4430878.0
v2e,local_unstable,12,12.0,5516292.0
v2e,local_unstable,13,13.0,4525632.0
v2e,local_unstable,14,14.0,937126.0
v2e,local_unstable,15,15.0,609561.0
v2e,local_unstable,16,16.0,1254868.0
v2e,local_unstable,17,17.0,85970.0
v2e,varying_robust-008,0,0.0,1533507.0
v2e,varying_robust-008,1,1.0,2677212.0
v2e,varying_robust-008,2,2.0,2566959.0
v2e,varying_robust-008,3,3.0,2505181.0
v2e,varying_robust-008,4,4.0,2082151.0
v2e,varying_robust-008,5,5.0,3612754.0
v2e,varying_robust-008,6,6.0,3492986.0
v2e,varying_robust-008,7,7.0,2812292.0
v2e,varying_robust-008,8,8.0,1566290.0
v2e,varying_robust-008,9,9.0,3751805.0
v2e,varying_robust-008,10,10.0,4086438.0
v2e,varying_robust-008,11,11.0,3258095.0
v2e,varying_robust-008,12,12.0,3654696.0
v2e,varying_robust-008,13,13.0,2903495.0
v2e,varying_robust-008,14,14.0,2026864.0
v2e,varying_robust-008,15,15.0,2774834.0
v2e,varying_robust-008,16,16.0,4004528.0
v2e,varying_robust-008,17,17.0,1689165.0
v2e,varying_robust-008,18,18.0,4019575.0
v2e,varying_robust-008,19,19.0,3756473.0
v2e,varying_robust-008,20,20.0,1622364.0
v2e,varying_robust-008,21,21.0,4898457.0
v2e,varying_robust-008,22,22.0,4253624.0
v2e,varying_robust-008,23,23.0,3827542.0
v2e,varying_robust-008,24,24.0,3967200.0
v2e,varying_robust-008,25,25.0,4308171.0
v2e,varying_robust-008,26,26.0,3510448.0
v2e,varying_robust-008,27,27.0,2526316.0
v2e,varying_robust-008,28,28.0,3200233.0
v2e,varying_robust-008,29,29.0,2558248.0
v2e,varying_robust-008,30,30.0,3896995.0
v2e,varying_robust-008,31,31.0,3443177.0
v2e,varying_robust-008,32,32.0,1079012.0
v2e,varying_robust-008,33,33.0,358638.0
v2e,varying_robust-008,34,34.0,297851.0
v2e,varying_robust-008,35,35.0,228646.0
vid2e,dark_aggresive,0,0.0,51289.0
vid2e,dark_aggresive,1,1.0,1294761.0
vid2e,dark_aggresive,2,2.0,636195.0
vid2e,dark_aggresive,3,3.0,1403585.0
vid2e,dark_aggresive,4,4.0,820332.0
vid2e,dark_aggresive,5,5.0,647620.0
vid2e,dark_aggresive,6,6.0,283060.0
vid2e,dark_aggresive,7,7.0,341646.0
vid2e,dark_aggresive,8,8.0,757634.0
vid2e,dark_aggresive,9,9.0,1379673.0
vid2e,dark_aggresive,10,10.0,828077.0
vid2e,dark_aggresive,11,11.0,664992.0
vid2e,dark_aggresive,12,12.0,1160807.0
vid2e,dark_aggresive,13,13.0,718840.0
vid2e,dark_aggresive,14,14.0,196880.0
vid2e,dark_aggresive,15,15.0,162304.0
vid2e,dark_robust,0,0.0,11523.0
vid2e,dark_robust,1,1.0,20154.0
vid2e,dark_robust,2,2.0,34242.0
vid2e,dark_robust,3,3.0,63895.0
vid2e,dark_robust,4,4.0,447432.0
vid2e,dark_robust,5,5.0,488978.0
vid2e,dark_robust,6,6.0,491569.0
vid2e,dark_robust,7,7.0,481350.0
vid2e,dark_robust,8,8.0,317199.0
vid2e,dark_robust,9,9.0,157575.0
vid2e,dark_robust,10,10.0,92383.0
vid2e,dark_robust,11,11.0,48353.0
vid2e,dark_robust,12,12.0,9821.0
vid2e,dark_robust,13,13.0,66743.0
vid2e,dark_robust,14,14.0,270555.0
vid2e,dark_robust,15,15.0,184163.0
vid2e,dark_robust,16,16.0,194301.0
vid2e,dark_robust,17,17.0,148727.0
vid2e,dark_robust,18,18.0,196488.0
vid2e,dark_robust,19,19.0,447551.0
vid2e,dark_robust,20,20.0,707268.0
vid2e,dark_robust,21,21.0,165999.0
vid2e,dark_robust,22,22.0,41631.0
vid2e,dark_robust,23,23.0,16825.0
vid2e,dark_robust,24,24.0,18781.0
vid2e,dark_robust,25,25.0,17781.0
vid2e,dark_robust,26,26.0,17012.0
vid2e,dark_robust,27,27.0,44842.0
vid2e,dark_robust,28,28.0,188162.0
vid2e,dark_robust,29,29.0,256692.0
vid2e,dark_robust,30,30.0,463537.0
vid2e,dark_robust,31,31.0,294574.0
vid2e,dark_robust,32,32.0,16780.0
vid2e,dark_robust,33,33.0,21933.0
vid2e,dark_unstable,0,0.0,34976.0
vid2e,dark_unstable,1,1.0,240272.0
vid2e,dark_unstable,2,2.0,446276.0
vid2e,dark_unstable,3,3.0,1437399.0
vid2e,dark_unstable,4,4.0,535103.0
vid2e,dark_unstable,5,5.0,222425.0
vid2e,dark_unstable,6,6.0,211761.0
vid2e,dark_unstable,7,7.0,288105.0
vid2e,dark_unstable,8,8.0,510539.0
vid2e,dark_unstable,9,9.0,702906.0
vid2e,dark_unstable,10,10.0,632910.0
vid2e,dark_unstable,11,11.0,521509.0
vid2e,dark_unstable,12,12.0,129721.0
vid2e,dark_unstable,13,13.0,83592.0
vid2e,dark_unstable,14,14.0,248581.0
vid2e,dark_unstable,15,15.0,1208892.0
vid2e,dark_unstable,16,16.0,202225.0
vid2e,dark_unstable,17,17.0,23841.0
vid2e,dark_unstable,18,18.0,18105.0
vid2e,dark_unstable,19,19.0,19501.0
vid2e,global_aggresive,0,0.0,2042300.0
vid2e,global_aggresive,1,1.0,5014589.0
vid2e,global_aggresive,2,2.0,5177968.0
vid2e,global_aggresive,3,3.0,5144676.0
vid2e,global_aggresive,4,4.0,5665584.0
vid2e,global_aggresive,5,5.0,4927052.0
vid2e,global_aggresive,6,6.0,3502445.0
vid2e,global_aggresive,7,7.0,7915818.0
vid2e,global_aggresive,8,8.0,4482254.0
vid2e,global_aggresive,9,9.0,3493217.0
vid2e,global_aggresive,10,10.0,3217372.0
vid2e,global_aggresive,11,11.0,5239924.0
vid2e,global_aggresive,12,12.0,4613148.0
vid2e,global_aggresive,13,13.0,2838064.0
vid2e,global_aggresive,14,14.0,1214002.0
vid2e,global_aggresive,15,15.0,1231217.0
vid2e,global_robust-007,0,0.0,3935931.0
vid2e,global_robust-007,1,1.0,735843.0
vid2e,global_robust-007,2,2.0,552077.0
vid2e,global_robust-007,3,3.0,762244.0
vid2e,global_robust-007,4,4.0,2545202.0
vid2e,global_robust-007,5,5.0,1527166.0
vid2e,global_robust-007,6,6.0,2486209.0
vid2e,global_robust-007,7,7.0,1500148.0
vid2e,global_robust-007,8,8.0,1692106.0
vid2e,global_robust-007,9,9.0,1493971.0
vid2e,global_robust-007,10,10.0,2322870.0
vid2e,global_robust-007,11,11.0,2352560.0
vid2e,global_robust-007,12,12.0,2153332.0
vid2e,global_robust-007,13,13.0,2184747.0
vid2e,global_robust-007,14,14.0,2105028.0
vid2e,global_robust-007,15,15.0,982353.0
vid2e,global_robust-007,16,16.0,1281666.0
vid2e,global_robust-007,17,17.0,1343465.0
vid2e,global_robust-007,18,18.0,1099232.0
vid2e,global_robust-007,19,19.0,1610493.0
vid2e,global_robust-007,20,20.0,1778750.0
vid2e,global_robust-007,21,21.0,1765508.0
vid2e,global_robust-007,22,22.0,1199193.0
vid2e,global_robust-007,23,23.0,1292529.0
vid2e,global_robust-007,24,24.0,1579366.0
vid2e,global_robust-007,25,25.0,1336567.0
vid2e,global_robust-007,26,26.0,2208862.0
vid2e,global_robust-007,27,27.0,2162278.0
vid2e,global_robust-007,28,28.0,860012.0
vid2e,global_robust-007,29,29.0,663422.0
vid2e,global_robust-007,30,30.0,769882.0
vid2e,global_robust-007,31,31.0,1623354.0
vid2e,global_robust-007,32,32.0,3046971.0
vid2e,global_robust-007,33,33.0,2397103.0
vid2e,global_robust-007,34,34.0,2115883.0
vid2e,global_robust-007,35,35.0,1391809.0
vid2e,global_robust-007,36,36.0,933288.0
vid2e,global_robust-007,37,37.0,1028355.0
vid2e,global_robust-007,38,38.0,1327283.0
vid2e,global_robust-007,39,39.0,1018404.0
vid2e,global_robust-007,40,40.0,1301454.0
vid2e,global_robust-007,41,41.0,2147785.0
vid2e,global_robust-007,42,42.0,1699541.0
vid2e,global_robust-007,43,43.0,3079810.0
vid2e,global_robust-007,44,44.0,2646866.0
vid2e,global_robust-007,45,45.0,2624554.0
vid2e,global_robust-007,46,46.0,2213496.0
vid2e,global_robust-007,47,47.0,2257804.0
vid2e,global_robust-007,48,48.0,1928861.0
vid2e,global_robust-007,49,49.0,890024.0
vid2e,global_robust-007,50,50.0,1907360.0
vid2e,global_unstable,0,0.0,441780.0
vid2e,global_unstable,1,1.0,550640.0
vid2e,global_unstable,2,2.0,1165449.0
vid2e,global_unstable,3,3.0,2965350.0
vid2e,global_unstable,4,4.0,3900027.0
vid2e,global_unstable,5,5.0,3177472.0
vid2e,global_unstable,6,6.0,2141207.0
vid2e,global_unstable,7,7.0,2316823.0
vid2e,global_unstable,8,8.0,2767120.0
vid2e,global_unstable,9,9.0,2122192.0
vid2e,global_unstable,10,10.0,4085103.0
vid2e,global_unstable,11,11.0,4463684.0
vid2e,global_unstable,12,12.0,2946529.0
vid2e,global_unstable,13,13.0,3789344.0
vid2e,global_unstable,14,14.0,4433263.0
vid2e,global_unstable,15,15.0,4090798.0
vid2e,global_unstable,16,16.0,3405396.0
vid2e,global_unstable,17,17.0,3433816.0
vid2e,global_unstable,18,18.0,3664893.0
vid2e,global_unstable,19,19.0,4680015.0
vid2e,global_unstable,20,20.0,5269043.0
vid2e,global_unstable,21,21.0,3874077.0
vid2e,global_unstable,22,22.0,2727765.0
vid2e,local_aggressive,0,0.0,7635350.0
vid2e,local_aggressive,1,1.0,7623373.0
vid2e,local_aggressive,2,2.0,7029238.0
vid2e,local_aggressive,3,3.0,6147682.0
vid2e,local_aggressive,4,4.0,7445619.0
vid2e,local_aggressive,5,5.0,5497125.0
vid2e,local_aggressive,6,6.0,8621525.0
vid2e,local_aggressive,7,7.0,7815213.0
vid2e,local_aggressive,8,8.0,7410080.0
vid2e,local_aggressive,9,9.0,4631835.0
vid2e,local_aggressive,10,10.0,3529108.0
vid2e,local_aggressive,11,11.0,2429568.0
vid2e,local_aggressive,12,12.0,3322136.0
vid2e,local_robust,0,0.0,1573026.0
vid2e,local_robust,1,1.0,1779193.0
vid2e,local_robust,2,2.0,2192634.0
vid2e,local_robust,3,3.0,3818058.0
vid2e,local_robust,4,4.0,3541004.0
vid2e,local_robust,5,5.0,3546075.0
vid2e,local_robust,6,6.0,3228722.0
vid2e,local_robust,7,7.0,2078893.0
vid2e,local_robust,8,8.0,3484809.0
vid2e,local_robust,9,9.0,3799280.0
vid2e,local_robust,10,10.0,3156039.0
vid2e,local_robust,11,11.0,2787863.0
vid2e,local_robust,12,12.0,3467323.0
vid2e,local_robust,13,13.0,2836334.0
vid2e,local_robust,14,14.0,1927671.0
vid2e,local_robust,15,15.0,1804533.0
vid2e,local_robust,16,16.0,3049178.0
vid2e,local_robust,17,17.0,2870385.0
vid2e,local_robust,18,18.0,1188986.0
vid2e,local_robust,19,19.0,1228678.0
vid2e,local_robust,20,20.0,2598986.0
vid2e,local_robust,21,21.0,2950517.0
vid2e,local_robust,22,22.0,3226458.0
vid2e,local_robust,23,23.0,3809908.0
vid2e,local_robust,24,24.0,3426897.0
vid2e,local_robust,25,25.0,2387860.0
vid2e,local_robust,26,26.0,2440163.0
vid2e,local_robust,27,27.0,4180001.0
vid2e,local_robust,28,28.0,4773576.0
vid2e,local_robust,29,29.0,3787060.0
vid2e,local_robust,30,30.0,4599156.0
vid2e,local_robust,31,31.0,2822153.0
vid2e,local_robust,32,32.0,2033745.0
vid2e,local_robust,33,33.0,3264966.0
vid2e,local_unstable,0,0.0,3424019.0
vid2e,local_unstable,1,1.0,5829000.0
vid2e,local_unstable,2,2.0,5112036.0
vid2e,local_unstable,3,3.0,5130144.0
vid2e,local_unstable,4,4.0,4179885.0
vid2e,local_unstable,5,5.0,3358004.0
vid2e,local_unstable,6,6.0,4226077.0
vid2e,local_unstable,7,7.0,3046491.0
vid2e,local_unstable,8,8.0,5858906.0
vid2e,local_unstable,9,9.0,6719885.0
vid2e,local_unstable,10,10.0,6361558.0
vid2e,local_unstable,11,11.0,5502582.0
vid2e,local_unstable,12,12.0,6185889.0
vid2e,local_unstable,13,13.0,5121374.0
vid2e,local_unstable,14,14.0,1923587.0
vid2e,local_unstable,15,15.0,1808337.0
vid2e,local_unstable,16,16.0,2319160.0
vid2e,varying_robust-008,0,0.0,2612192.0
vid2e,varying_robust-008,1,1.0,4203912.0
vid2e,varying_robust-008,2,2.0,3990264.0
vid2e,varying_robust-008,3,3.0,3930231.0
vid2e,varying_robust-008,4,4.0,3348652.0
vid2e,varying_robust-008,5,5.0,5010025.0
vid2e,varying_robust-008,6,6.0,5160342.0
vid2e,varying_robust-008,7,7.0,4643530.0
vid2e,varying_robust-008,8,8.0,2237509.0
vid2e,varying_robust-008,9,9.0,6162160.0
vid2e,varying_robust-008,10,10.0,6837227.0
vid2e,varying_robust-008,11,11.0,4311375.0
vid2e,varying_robust-008,12,12.0,5574637.0
vid2e,varying_robust-008,13,13.0,4164230.0
vid2e,varying_robust-008,14,14.0,2494524.0
vid2e,varying_robust-008,15,15.0,4164075.0
vid2e,varying_robust-008,16,16.0,4869245.0
vid2e,varying_robust-008,17,17.0,1966216.0
vid2e,varying_robust-008,18,18.0,6147847.0
vid2e,varying_robust-008,19,19.0,5309644.0
vid2e,varying_robust-008,20,20.0,1943079.0
vid2e,varying_robust-008,21,21.0,6111292.0
vid2e,varying_robust-008,22,22.0,5826781.0
vid2e,varying_robust-008,23,23.0,5035618.0
vid2e,varying_robust-008,24,24.0,6471472.0
vid2e,varying_robust-008,25,25.0,5172975.0
vid2e,varying_robust-008,26,26.0,4498307.0
vid2e,varying_robust-008,27,27.0,4396873.0
vid2e,varying_robust-008,28,28.0,4355375.0
vid2e,varying_robust-008,29,29.0,4366498.0
vid2e,varying_robust-008,30,30.0,4475874.0
vid2e,varying_robust-008,31,31.0,5180762.0
vid2e,varying_robust-008,32,32.0,2297467.0
vid2e,varying_robust-008,33,33.0,1474924.0
vid2e,varying_robust-008,34,34.0,2604352.0
